station_id,last_updated_dt,num_bikes_available,num_bikes_available_types.mechanical,num_bikes_available_types.ebike,num_docks_available,status,empty,full,not_in_service,net_station_change,station_undock,station_dock,hour,day,month,year,weekday,time
1,2023-11-17 13:00:00,2.0,0.0,2.0,41.0,IN_SERVICE,False,False,False,2.0,0.0,2.0,13,17,11,2023,4,2023-11-17 13:00:00
1,2023-11-17 13:30:00,2.0,0.0,2.0,41.0,IN_SERVICE,False,False,False,0.0,0.0,0.0,13,17,11,2023,4,2023-11-17 13:30:00
1,2023-11-17 14:00:00,6.0,1.0,5.0,38.0,IN_SERVICE,False,False,False,4.0,0.0,4.0,14,17,11,2023,4,2023-11-17 14:00:00
1,2023-11-17 14:30:00,8.0,1.0,7.0,36.0,IN_SERVICE,False,False,False,2.0,0.0,2.0,14,17,11,2023,4,2023-11-17 14:30:00
1,2023-11-17 15:00:00,0.0,0.0,0.0,44.0,IN_SERVICE,True,False,False,-8.0,-8.0,0.0,15,17,11,2023,4,2023-11-17 15:00:00
1,2023-11-17 15:30:00,2.0,0.0,2.0,42.0,IN_SERVICE,False,False,False,2.0,0.0,2.0,15,17,11,2023,4,2023-11-17 15:30:00
1,2023-11-17 16:00:00,1.0,0.0,1.0,43.0,IN_SERVICE,False,False,False,-1.0,-1.0,0.0,16,17,11,2023,4,2023-11-17 16:00:00
1,2023-11-17 16:30:00,2.0,0.0,2.0,41.0,IN_SERVICE,False,False,False,1.0,0.0,1.0,16,17,11,2023,4,2023-11-17 16:30:00
1,2023-11-17 17:00:00,0.0,0.0,0.0,44.0,IN_SERVICE,True,False,False,-2.0,-2.0,0.0,17,17,11,2023,4,2023-11-17 17:00:00
1,2023-11-17 17:30:00,2.0,0.0,2.0,42.0,IN_SERVICE,False,False,False,2.0,0.0,2.0,17,17,11,2023,4,2023-11-17 17:30:00
1,2023-11-17 18:00:00,1.0,1.0,0.0,43.0,IN_SERVICE,False,False,False,-1.0,-1.0,0.0,18,17,11,2023,4,2023-11-17 18:00:00
1,2023-11-17 18:30:00,3.0,1.0,2.0,39.0,IN_SERVICE,False,False,False,2.0,0.0,2.0,18,17,11,2023,4,2023-11-17 18:30:00
1,2023-11-17 19:00:00,2.0,0.0,2.0,40.0,IN_SERVICE,False,False,False,-1.0,-1.0,0.0,19,17,11,2023,4,2023-11-17 19:00:00
1,2023-11-17 19:30:00,2.0,0.0,2.0,41.0,IN_SERVICE,False,False,False,0.0,0.0,0.0,19,17,11,2023,4,2023-11-17 19:30:00
1,2023-11-17 20:00:00,2.0,1.0,1.0,41.0,IN_SERVICE,False,False,False,0.0,0.0,0.0,20,17,11,2023,4,2023-11-17 20:00:00
1,2023-11-17 20:30:00,1.0,0.0,1.0,42.0,IN_SERVICE,False,False,False,-1.0,-1.0,0.0,20,17,11,2023,4,2023-11-17 20:30:00
1,2023-11-17 21:00:00,3.0,0.0,3.0,40.0,IN_SERVICE,False,False,False,2.0,0.0,2.0,21,17,11,2023,4,2023-11-17 21:00:00
1,2023-11-17 21:30:00,6.0,2.0,4.0,37.0,IN_SERVICE,False,False,False,3.0,0.0,3.0,21,17,11,2023,4,2023-11-17 21:30:00
1,2023-11-17 22:00:00,7.0,2.0,5.0,36.0,IN_SERVICE,False,False,False,1.0,0.0,1.0,22,17,11,2023,4,2023-11-17 22:00:00
1,2023-11-17 22:30:00,3.0,3.0,0.0,40.0,IN_SERVICE,False,False,False,-4.0,-4.0,0.0,22,17,11,2023,4,2023-11-17 22:30:00
1,2023-11-17 23:00:00,7.0,3.0,4.0,36.0,IN_SERVICE,False,False,False,4.0,0.0,4.0,23,17,11,2023,4,2023-11-17 23:00:00
1,2023-11-17 23:30:00,6.0,3.0,3.0,37.0,IN_SERVICE,False,False,False,-1.0,-1.0,0.0,23,17,11,2023,4,2023-11-17 23:30:00
1,2023-11-18 00:00:00,4.0,2.0,2.0,39.0,IN_SERVICE,False,False,False,-2.0,-2.0,0.0,0,18,11,2023,5,2023-11-18 00:00:00
1,2023-11-18 00:30:00,5.0,1.0,4.0,38.0,IN_SERVICE,False,False,False,1.0,0.0,1.0,0,18,11,2023,5,2023-11-18 00:30:00
1,2023-11-18 01:00:00,11.0,3.0,8.0,32.0,IN_SERVICE,False,False,False,6.0,0.0,6.0,1,18,11,2023,5,2023-11-18 01:00:00
1,2023-11-18 01:30:00,12.0,4.0,8.0,31.0,IN_SERVICE,False,False,False,1.0,0.0,1.0,1,18,11,2023,5,2023-11-18 01:30:00
1,2023-11-18 02:00:00,13.0,4.0,9.0,30.0,IN_SERVICE,False,False,False,1.0,0.0,1.0,2,18,11,2023,5,2023-11-18 02:00:00
1,2023-11-18 02:30:00,17.0,6.0,11.0,26.0,IN_SERVICE,False,False,False,4.0,0.0,4.0,2,18,11,2023,5,2023-11-18 02:30:00
1,2023-11-18 03:00:00,14.0,5.0,9.0,29.0,IN_SERVICE,False,False,False,-3.0,-3.0,0.0,3,18,11,2023,5,2023-11-18 03:00:00
1,2023-11-18 03:30:00,14.0,5.0,9.0,29.0,IN_SERVICE,False,False,False,0.0,0.0,0.0,3,18,11,2023,5,2023-11-18 03:30:00
1,2023-11-18 04:00:00,14.0,5.0,9.0,29.0,IN_SERVICE,False,False,False,0.0,0.0,0.0,4,18,11,2023,5,2023-11-18 04:00:00
1,2023-11-18 04:30:00,14.0,5.0,9.0,29.0,IN_SERVICE,False,False,False,0.0,0.0,0.0,4,18,11,2023,5,2023-11-18 04:30:00
1,2023-11-18 05:00:00,12.0,5.0,7.0,31.0,IN_SERVICE,False,False,False,-2.0,-2.0,0.0,5,18,11,2023,5,2023-11-18 05:00:00
1,2023-11-18 05:30:00,13.0,6.0,7.0,30.0,IN_SERVICE,False,False,False,1.0,0.0,1.0,5,18,11,2023,5,2023-11-18 05:30:00
1,2023-11-18 06:00:00,10.0,6.0,4.0,33.0,IN_SERVICE,False,False,False,-3.0,-3.0,0.0,6,18,11,2023,5,2023-11-18 06:00:00
1,2023-11-18 06:30:00,10.0,6.0,4.0,33.0,IN_SERVICE,False,False,False,0.0,0.0,0.0,6,18,11,2023,5,2023-11-18 06:30:00
1,2023-11-18 07:00:00,7.0,5.0,2.0,36.0,IN_SERVICE,False,False,False,-3.0,-3.0,0.0,7,18,11,2023,5,2023-11-18 07:00:00
1,2023-11-18 07:30:00,8.0,5.0,3.0,35.0,IN_SERVICE,False,False,False,1.0,0.0,1.0,7,18,11,2023,5,2023-11-18 07:30:00
1,2023-11-18 08:00:00,4.0,4.0,0.0,39.0,IN_SERVICE,False,False,False,-4.0,-4.0,0.0,8,18,11,2023,5,2023-11-18 08:00:00
1,2023-11-18 08:30:00,2.0,0.0,2.0,40.0,IN_SERVICE,False,False,False,-2.0,-2.0,0.0,8,18,11,2023,5,2023-11-18 08:30:00
1,2023-11-18 09:00:00,1.0,0.0,1.0,42.0,IN_SERVICE,False,False,False,-1.0,-1.0,0.0,9,18,11,2023,5,2023-11-18 09:00:00
1,2023-11-18 09:30:00,0.0,0.0,0.0,43.0,IN_SERVICE,True,False,False,-1.0,-1.0,0.0,9,18,11,2023,5,2023-11-18 09:30:00
1,2023-11-18 10:00:00,0.0,0.0,0.0,43.0,IN_SERVICE,True,False,False,0.0,0.0,0.0,10,18,11,2023,5,2023-11-18 10:00:00
1,2023-11-18 10:30:00,0.0,0.0,0.0,43.0,IN_SERVICE,True,False,False,0.0,0.0,0.0,10,18,11,2023,5,2023-11-18 10:30:00
1,2023-11-18 11:00:00,0.0,0.0,0.0,43.0,IN_SERVICE,True,False,False,0.0,0.0,0.0,11,18,11,2023,5,2023-11-18 11:00:00
1,2023-11-18 11:30:00,0.0,0.0,0.0,43.0,IN_SERVICE,True,False,False,0.0,0.0,0.0,11,18,11,2023,5,2023-11-18 11:30:00
1,2023-11-18 12:00:00,1.0,1.0,0.0,42.0,IN_SERVICE,False,False,False,1.0,0.0,1.0,12,18,11,2023,5,2023-11-18 12:00:00
1,2023-11-18 12:30:00,1.0,0.0,1.0,42.0,IN_SERVICE,False,False,False,0.0,0.0,0.0,12,18,11,2023,5,2023-11-18 12:30:00
1,2023-11-18 13:00:00,1.0,0.0,1.0,42.0,IN_SERVICE,False,False,False,0.0,0.0,0.0,13,18,11,2023,5,2023-11-18 13:00:00
1,2023-11-18 13:30:00,1.0,0.0,1.0,42.0,IN_SERVICE,False,False,False,0.0,0.0,0.0,13,18,11,2023,5,2023-11-18 13:30:00
1,2023-11-18 14:00:00,2.0,1.0,1.0,41.0,IN_SERVICE,False,False,False,1.0,0.0,1.0,14,18,11,2023,5,2023-11-18 14:00:00
1,2023-11-18 14:30:00,2.0,1.0,1.0,41.0,IN_SERVICE,False,False,False,0.0,0.0,0.0,14,18,11,2023,5,2023-11-18 14:30:00
1,2023-11-18 15:00:00,0.0,0.0,0.0,43.0,IN_SERVICE,True,False,False,-2.0,-2.0,0.0,15,18,11,2023,5,2023-11-18 15:00:00
1,2023-11-18 15:30:00,2.0,2.0,0.0,41.0,IN_SERVICE,False,False,False,2.0,0.0,2.0,15,18,11,2023,5,2023-11-18 15:30:00
1,2023-11-18 16:00:00,3.0,0.0,3.0,39.0,IN_SERVICE,False,False,False,1.0,0.0,1.0,16,18,11,2023,5,2023-11-18 16:00:00
1,2023-11-18 16:30:00,4.0,0.0,4.0,38.0,IN_SERVICE,False,False,False,1.0,0.0,1.0,16,18,11,2023,5,2023-11-18 16:30:00
1,2023-11-18 17:00:00,2.0,0.0,2.0,40.0,IN_SERVICE,False,False,False,-2.0,-2.0,0.0,17,18,11,2023,5,2023-11-18 17:00:00
1,2023-11-18 17:30:00,1.0,0.0,1.0,40.0,IN_SERVICE,False,False,False,-1.0,-1.0,0.0,17,18,11,2023,5,2023-11-18 17:30:00
1,2023-11-18 18:00:00,2.0,1.0,1.0,40.0,IN_SERVICE,False,False,False,1.0,0.0,1.0,18,18,11,2023,5,2023-11-18 18:00:00
1,2023-11-18 18:30:00,5.0,1.0,4.0,36.0,IN_SERVICE,False,False,False,3.0,0.0,3.0,18,18,11,2023,5,2023-11-18 18:30:00
1,2023-11-18 19:00:00,4.0,3.0,1.0,39.0,IN_SERVICE,False,False,False,-1.0,-1.0,0.0,19,18,11,2023,5,2023-11-18 19:00:00
1,2023-11-18 19:30:00,1.0,1.0,0.0,41.0,IN_SERVICE,False,False,False,-3.0,-3.0,0.0,19,18,11,2023,5,2023-11-18 19:30:00
1,2023-11-18 20:00:00,2.0,1.0,1.0,40.0,IN_SERVICE,False,False,False,1.0,0.0,1.0,20,18,11,2023,5,2023-11-18 20:00:00
1,2023-11-18 20:30:00,1.0,0.0,1.0,41.0,IN_SERVICE,False,False,False,-1.0,-1.0,0.0,20,18,11,2023,5,2023-11-18 20:30:00
1,2023-11-18 21:00:00,6.0,0.0,6.0,37.0,IN_SERVICE,False,False,False,5.0,0.0,5.0,21,18,11,2023,5,2023-11-18 21:00:00
1,2023-11-18 21:30:00,6.0,0.0,6.0,37.0,IN_SERVICE,False,False,False,0.0,0.0,0.0,21,18,11,2023,5,2023-11-18 21:30:00
1,2023-11-18 22:00:00,2.0,1.0,1.0,41.0,IN_SERVICE,False,False,False,-4.0,-4.0,0.0,22,18,11,2023,5,2023-11-18 22:00:00
1,2023-11-18 22:30:00,1.0,1.0,0.0,42.0,IN_SERVICE,False,False,False,-1.0,-1.0,0.0,22,18,11,2023,5,2023-11-18 22:30:00
1,2023-11-18 23:00:00,3.0,0.0,3.0,40.0,IN_SERVICE,False,False,False,2.0,0.0,2.0,23,18,11,2023,5,2023-11-18 23:00:00
1,2023-11-18 23:30:00,2.0,0.0,2.0,41.0,IN_SERVICE,False,False,False,-1.0,-1.0,0.0,23,18,11,2023,5,2023-11-18 23:30:00
1,2023-11-19 00:00:00,0.0,0.0,0.0,43.0,IN_SERVICE,True,False,False,-2.0,-2.0,0.0,0,19,11,2023,6,2023-11-19 00:00:00
1,2023-11-19 00:30:00,2.0,1.0,1.0,41.0,IN_SERVICE,False,False,False,2.0,0.0,2.0,0,19,11,2023,6,2023-11-19 00:30:00
1,2023-11-19 01:00:00,6.0,2.0,4.0,37.0,IN_SERVICE,False,False,False,4.0,0.0,4.0,1,19,11,2023,6,2023-11-19 01:00:00
1,2023-11-19 01:30:00,2.0,2.0,0.0,41.0,IN_SERVICE,False,False,False,-4.0,-4.0,0.0,1,19,11,2023,6,2023-11-19 01:30:00
1,2023-11-19 02:00:00,2.0,2.0,0.0,41.0,IN_SERVICE,False,False,False,0.0,0.0,0.0,2,19,11,2023,6,2023-11-19 02:00:00
1,2023-11-19 02:30:00,0.0,0.0,0.0,43.0,IN_SERVICE,True,False,False,-2.0,-2.0,0.0,2,19,11,2023,6,2023-11-19 02:30:00
1,2023-11-19 03:00:00,1.0,0.0,1.0,42.0,IN_SERVICE,False,False,False,1.0,0.0,1.0,3,19,11,2023,6,2023-11-19 03:00:00
1,2023-11-19 03:30:00,1.0,0.0,1.0,42.0,IN_SERVICE,False,False,False,0.0,0.0,0.0,3,19,11,2023,6,2023-11-19 03:30:00
1,2023-11-19 04:00:00,1.0,0.0,1.0,42.0,IN_SERVICE,False,False,False,0.0,0.0,0.0,4,19,11,2023,6,2023-11-19 04:00:00
1,2023-11-19 04:30:00,1.0,0.0,1.0,42.0,IN_SERVICE,False,False,False,0.0,0.0,0.0,4,19,11,2023,6,2023-11-19 04:30:00
1,2023-11-19 05:00:00,0.0,0.0,0.0,43.0,IN_SERVICE,True,False,False,-1.0,-1.0,0.0,5,19,11,2023,6,2023-11-19 05:00:00
1,2023-11-19 05:30:00,0.0,0.0,0.0,43.0,IN_SERVICE,True,False,False,0.0,0.0,0.0,5,19,11,2023,6,2023-11-19 05:30:00
1,2023-11-19 06:00:00,0.0,0.0,0.0,43.0,IN_SERVICE,True,False,False,0.0,0.0,0.0,6,19,11,2023,6,2023-11-19 06:00:00
1,2023-11-19 06:30:00,0.0,0.0,0.0,43.0,IN_SERVICE,True,False,False,0.0,0.0,0.0,6,19,11,2023,6,2023-11-19 06:30:00
1,2023-11-19 07:00:00,0.0,0.0,0.0,43.0,IN_SERVICE,True,False,False,0.0,0.0,0.0,7,19,11,2023,6,2023-11-19 07:00:00
1,2023-11-19 07:30:00,0.0,0.0,0.0,43.0,IN_SERVICE,True,False,False,0.0,0.0,0.0,7,19,11,2023,6,2023-11-19 07:30:00
1,2023-11-19 08:00:00,0.0,0.0,0.0,43.0,IN_SERVICE,True,False,False,0.0,0.0,0.0,8,19,11,2023,6,2023-11-19 08:00:00
1,2023-11-19 08:30:00,0.0,0.0,0.0,43.0,IN_SERVICE,True,False,False,0.0,0.0,0.0,8,19,11,2023,6,2023-11-19 08:30:00
1,2023-11-19 09:00:00,0.0,0.0,0.0,43.0,IN_SERVICE,True,False,False,0.0,0.0,0.0,9,19,11,2023,6,2023-11-19 09:00:00
1,2023-11-19 09:30:00,0.0,0.0,0.0,43.0,IN_SERVICE,True,False,False,0.0,0.0,0.0,9,19,11,2023,6,2023-11-19 09:30:00
1,2023-11-19 10:00:00,1.0,0.0,1.0,42.0,IN_SERVICE,False,False,False,1.0,0.0,1.0,10,19,11,2023,6,2023-11-19 10:00:00
1,2023-11-19 10:30:00,0.0,0.0,0.0,43.0,IN_SERVICE,True,False,False,-1.0,-1.0,0.0,10,19,11,2023,6,2023-11-19 10:30:00
1,2023-11-19 11:00:00,0.0,0.0,0.0,43.0,IN_SERVICE,True,False,False,0.0,0.0,0.0,11,19,11,2023,6,2023-11-19 11:00:00
1,2023-11-19 11:30:00,0.0,0.0,0.0,43.0,IN_SERVICE,True,False,False,0.0,0.0,0.0,11,19,11,2023,6,2023-11-19 11:30:00
1,2023-11-19 12:00:00,0.0,0.0,0.0,43.0,IN_SERVICE,True,False,False,0.0,0.0,0.0,12,19,11,2023,6,2023-11-19 12:00:00
1,2023-11-19 12:30:00,0.0,0.0,0.0,43.0,IN_SERVICE,True,False,False,0.0,0.0,0.0,12,19,11,2023,6,2023-11-19 12:30:00
1,2023-11-19 13:00:00,2.0,1.0,1.0,41.0,IN_SERVICE,False,False,False,2.0,0.0,2.0,13,19,11,2023,6,2023-11-19 13:00:00
1,2023-11-19 13:30:00,1.0,1.0,0.0,42.0,IN_SERVICE,False,False,False,-1.0,-1.0,0.0,13,19,11,2023,6,2023-11-19 13:30:00
1,2023-11-19 14:00:00,1.0,0.0,1.0,42.0,IN_SERVICE,False,False,False,0.0,0.0,0.0,14,19,11,2023,6,2023-11-19 14:00:00
1,2023-11-19 14:30:00,2.0,0.0,2.0,41.0,IN_SERVICE,False,False,False,1.0,0.0,1.0,14,19,11,2023,6,2023-11-19 14:30:00
1,2023-11-19 15:00:00,4.0,0.0,4.0,39.0,IN_SERVICE,False,False,False,2.0,0.0,2.0,15,19,11,2023,6,2023-11-19 15:00:00
1,2023-11-19 15:30:00,4.0,0.0,4.0,39.0,IN_SERVICE,False,False,False,0.0,0.0,0.0,15,19,11,2023,6,2023-11-19 15:30:00
1,2023-11-19 16:00:00,3.0,2.0,1.0,40.0,IN_SERVICE,False,False,False,-1.0,-1.0,0.0,16,19,11,2023,6,2023-11-19 16:00:00
1,2023-11-19 16:30:00,1.0,0.0,1.0,42.0,IN_SERVICE,False,False,False,-2.0,-2.0,0.0,16,19,11,2023,6,2023-11-19 16:30:00
1,2023-11-19 17:00:00,3.0,1.0,2.0,40.0,IN_SERVICE,False,False,False,2.0,0.0,2.0,17,19,11,2023,6,2023-11-19 17:00:00
1,2023-11-19 17:30:00,2.0,0.0,2.0,41.0,IN_SERVICE,False,False,False,-1.0,-1.0,0.0,17,19,11,2023,6,2023-11-19 17:30:00
1,2023-11-19 18:00:00,1.0,0.0,1.0,42.0,IN_SERVICE,False,False,False,-1.0,-1.0,0.0,18,19,11,2023,6,2023-11-19 18:00:00
1,2023-11-19 18:30:00,2.0,0.0,2.0,41.0,IN_SERVICE,False,False,False,1.0,0.0,1.0,18,19,11,2023,6,2023-11-19 18:30:00
1,2023-11-19 19:00:00,6.0,1.0,5.0,37.0,IN_SERVICE,False,False,False,4.0,0.0,4.0,19,19,11,2023,6,2023-11-19 19:00:00
1,2023-11-19 19:30:00,5.0,0.0,5.0,37.0,IN_SERVICE,False,False,False,-1.0,-1.0,0.0,19,19,11,2023,6,2023-11-19 19:30:00
1,2023-11-19 20:00:00,5.0,1.0,4.0,38.0,IN_SERVICE,False,False,False,0.0,0.0,0.0,20,19,11,2023,6,2023-11-19 20:00:00
1,2023-11-19 20:30:00,5.0,1.0,4.0,38.0,IN_SERVICE,False,False,False,0.0,0.0,0.0,20,19,11,2023,6,2023-11-19 20:30:00
1,2023-11-19 21:00:00,2.0,1.0,1.0,41.0,IN_SERVICE,False,False,False,-3.0,-3.0,0.0,21,19,11,2023,6,2023-11-19 21:00:00
1,2023-11-19 21:30:00,4.0,1.0,3.0,38.0,IN_SERVICE,False,False,False,2.0,0.0,2.0,21,19,11,2023,6,2023-11-19 21:30:00
1,2023-11-19 22:00:00,3.0,1.0,2.0,39.0,IN_SERVICE,False,False,False,-1.0,-1.0,0.0,22,19,11,2023,6,2023-11-19 22:00:00
1,2023-11-19 22:30:00,2.0,0.0,2.0,40.0,IN_SERVICE,False,False,False,-1.0,-1.0,0.0,22,19,11,2023,6,2023-11-19 22:30:00
1,2023-11-19 23:00:00,2.0,0.0,2.0,41.0,IN_SERVICE,False,False,False,0.0,0.0,0.0,23,19,11,2023,6,2023-11-19 23:00:00
1,2023-11-19 23:30:00,2.0,0.0,2.0,41.0,IN_SERVICE,False,False,False,0.0,0.0,0.0,23,19,11,2023,6,2023-11-19 23:30:00
1,2023-11-20 00:00:00,1.0,0.0,1.0,42.0,IN_SERVICE,False,False,False,-1.0,-1.0,0.0,0,20,11,2023,0,2023-11-20 00:00:00
1,2023-11-20 00:30:00,2.0,0.0,2.0,41.0,IN_SERVICE,False,False,False,1.0,0.0,1.0,0,20,11,2023,0,2023-11-20 00:30:00
1,2023-11-20 01:00:00,5.0,0.0,5.0,38.0,IN_SERVICE,False,False,False,3.0,0.0,3.0,1,20,11,2023,0,2023-11-20 01:00:00
1,2023-11-20 01:30:00,5.0,0.0,5.0,38.0,IN_SERVICE,False,False,False,0.0,0.0,0.0,1,20,11,2023,0,2023-11-20 01:30:00
1,2023-11-20 02:00:00,5.0,0.0,5.0,38.0,IN_SERVICE,False,False,False,0.0,0.0,0.0,2,20,11,2023,0,2023-11-20 02:00:00
1,2023-11-20 02:30:00,5.0,1.0,4.0,38.0,IN_SERVICE,False,False,False,0.0,0.0,0.0,2,20,11,2023,0,2023-11-20 02:30:00
1,2023-11-20 03:00:00,5.0,1.0,4.0,38.0,IN_SERVICE,False,False,False,0.0,0.0,0.0,3,20,11,2023,0,2023-11-20 03:00:00
1,2023-11-20 03:30:00,6.0,2.0,4.0,37.0,IN_SERVICE,False,False,False,1.0,0.0,1.0,3,20,11,2023,0,2023-11-20 03:30:00
1,2023-11-20 04:00:00,6.0,2.0,4.0,37.0,IN_SERVICE,False,False,False,0.0,0.0,0.0,4,20,11,2023,0,2023-11-20 04:00:00
1,2023-11-20 04:30:00,4.0,2.0,2.0,39.0,IN_SERVICE,False,False,False,-2.0,-2.0,0.0,4,20,11,2023,0,2023-11-20 04:30:00
1,2023-11-20 05:00:00,4.0,2.0,2.0,39.0,IN_SERVICE,False,False,False,0.0,0.0,0.0,5,20,11,2023,0,2023-11-20 05:00:00
1,2023-11-20 05:30:00,3.0,2.0,1.0,40.0,IN_SERVICE,False,False,False,-1.0,-1.0,0.0,5,20,11,2023,0,2023-11-20 05:30:00
1,2023-11-20 06:00:00,2.0,2.0,0.0,41.0,IN_SERVICE,False,False,False,-1.0,-1.0,0.0,6,20,11,2023,0,2023-11-20 06:00:00
1,2023-11-20 06:30:00,1.0,1.0,0.0,42.0,IN_SERVICE,False,False,False,-1.0,-1.0,0.0,6,20,11,2023,0,2023-11-20 06:30:00
1,2023-11-20 07:00:00,1.0,0.0,1.0,42.0,IN_SERVICE,False,False,False,0.0,0.0,0.0,7,20,11,2023,0,2023-11-20 07:00:00
1,2023-11-20 07:30:00,0.0,0.0,0.0,43.0,IN_SERVICE,True,False,False,-1.0,-1.0,0.0,7,20,11,2023,0,2023-11-20 07:30:00
1,2023-11-20 08:00:00,2.0,0.0,2.0,39.0,IN_SERVICE,False,False,False,2.0,0.0,2.0,8,20,11,2023,0,2023-11-20 08:00:00
1,2023-11-20 08:30:00,0.0,0.0,0.0,43.0,IN_SERVICE,True,False,False,-2.0,-2.0,0.0,8,20,11,2023,0,2023-11-20 08:30:00
1,2023-11-20 09:00:00,0.0,0.0,0.0,43.0,IN_SERVICE,True,False,False,0.0,0.0,0.0,9,20,11,2023,0,2023-11-20 09:00:00
1,2023-11-20 09:30:00,0.0,0.0,0.0,43.0,IN_SERVICE,True,False,False,0.0,0.0,0.0,9,20,11,2023,0,2023-11-20 09:30:00
1,2023-11-20 10:00:00,1.0,1.0,0.0,42.0,IN_SERVICE,False,False,False,1.0,0.0,1.0,10,20,11,2023,0,2023-11-20 10:00:00
1,2023-11-20 10:30:00,0.0,0.0,0.0,43.0,IN_SERVICE,True,False,False,-1.0,-1.0,0.0,10,20,11,2023,0,2023-11-20 10:30:00
1,2023-11-20 11:00:00,0.0,0.0,0.0,43.0,IN_SERVICE,True,False,False,0.0,0.0,0.0,11,20,11,2023,0,2023-11-20 11:00:00
1,2023-11-20 11:30:00,1.0,0.0,1.0,42.0,IN_SERVICE,False,False,False,1.0,0.0,1.0,11,20,11,2023,0,2023-11-20 11:30:00
1,2023-11-20 12:00:00,2.0,1.0,1.0,41.0,IN_SERVICE,False,False,False,1.0,0.0,1.0,12,20,11,2023,0,2023-11-20 12:00:00
1,2023-11-20 12:30:00,2.0,0.0,2.0,41.0,IN_SERVICE,False,False,False,0.0,0.0,0.0,12,20,11,2023,0,2023-11-20 12:30:00
1,2023-11-20 13:00:00,1.0,0.0,1.0,41.0,IN_SERVICE,False,False,False,-1.0,-1.0,0.0,13,20,11,2023,0,2023-11-20 13:00:00
1,2023-11-20 13:30:00,5.0,1.0,4.0,38.0,IN_SERVICE,False,False,False,4.0,0.0,4.0,13,20,11,2023,0,2023-11-20 13:30:00
1,2023-11-20 14:00:00,4.0,3.0,1.0,39.0,IN_SERVICE,False,False,False,-1.0,-1.0,0.0,14,20,11,2023,0,2023-11-20 14:00:00
1,2023-11-20 14:30:00,6.0,2.0,4.0,36.0,IN_SERVICE,False,False,False,2.0,0.0,2.0,14,20,11,2023,0,2023-11-20 14:30:00
1,2023-11-20 15:00:00,3.0,2.0,1.0,40.0,IN_SERVICE,False,False,False,-3.0,-3.0,0.0,15,20,11,2023,0,2023-11-20 15:00:00
1,2023-11-20 15:30:00,2.0,1.0,1.0,40.0,IN_SERVICE,False,False,False,-1.0,-1.0,0.0,15,20,11,2023,0,2023-11-20 15:30:00
1,2023-11-20 16:00:00,1.0,0.0,1.0,41.0,IN_SERVICE,False,False,False,-1.0,-1.0,0.0,16,20,11,2023,0,2023-11-20 16:00:00
1,2023-11-20 16:30:00,1.0,1.0,0.0,42.0,IN_SERVICE,False,False,False,0.0,0.0,0.0,16,20,11,2023,0,2023-11-20 16:30:00
1,2023-11-20 17:00:00,3.0,2.0,1.0,40.0,IN_SERVICE,False,False,False,2.0,0.0,2.0,17,20,11,2023,0,2023-11-20 17:00:00
1,2023-11-20 17:30:00,1.0,1.0,0.0,42.0,IN_SERVICE,False,False,False,-2.0,-2.0,0.0,17,20,11,2023,0,2023-11-20 17:30:00
1,2023-11-20 18:00:00,2.0,0.0,2.0,41.0,IN_SERVICE,False,False,False,1.0,0.0,1.0,18,20,11,2023,0,2023-11-20 18:00:00
1,2023-11-20 18:30:00,2.0,1.0,1.0,40.0,IN_SERVICE,False,False,False,0.0,0.0,0.0,18,20,11,2023,0,2023-11-20 18:30:00
1,2023-11-20 19:00:00,3.0,1.0,2.0,39.0,IN_SERVICE,False,False,False,1.0,0.0,1.0,19,20,11,2023,0,2023-11-20 19:00:00
1,2023-11-20 19:30:00,1.0,1.0,0.0,40.0,IN_SERVICE,False,False,False,-2.0,-2.0,0.0,19,20,11,2023,0,2023-11-20 19:30:00
1,2023-11-20 20:00:00,1.0,0.0,1.0,41.0,IN_SERVICE,False,False,False,0.0,0.0,0.0,20,20,11,2023,0,2023-11-20 20:00:00
1,2023-11-20 20:30:00,3.0,2.0,1.0,39.0,IN_SERVICE,False,False,False,2.0,0.0,2.0,20,20,11,2023,0,2023-11-20 20:30:00
1,2023-11-20 21:00:00,4.0,4.0,0.0,38.0,IN_SERVICE,False,False,False,1.0,0.0,1.0,21,20,11,2023,0,2023-11-20 21:00:00
1,2023-11-20 21:30:00,5.0,4.0,1.0,37.0,IN_SERVICE,False,False,False,1.0,0.0,1.0,21,20,11,2023,0,2023-11-20 21:30:00
1,2023-11-20 22:00:00,4.0,3.0,1.0,38.0,IN_SERVICE,False,False,False,-1.0,-1.0,0.0,22,20,11,2023,0,2023-11-20 22:00:00
1,2023-11-20 22:30:00,6.0,4.0,2.0,36.0,IN_SERVICE,False,False,False,2.0,0.0,2.0,22,20,11,2023,0,2023-11-20 22:30:00
1,2023-11-20 23:00:00,6.0,4.0,2.0,36.0,IN_SERVICE,False,False,False,0.0,0.0,0.0,23,20,11,2023,0,2023-11-20 23:00:00
1,2023-11-20 23:30:00,6.0,4.0,2.0,35.0,IN_SERVICE,False,False,False,0.0,0.0,0.0,23,20,11,2023,0,2023-11-20 23:30:00
1,2023-11-21 00:00:00,9.0,4.0,5.0,33.0,IN_SERVICE,False,False,False,3.0,0.0,3.0,0,21,11,2023,1,2023-11-21 00:00:00
1,2023-11-21 00:30:00,10.0,5.0,5.0,32.0,IN_SERVICE,False,False,False,1.0,0.0,1.0,0,21,11,2023,1,2023-11-21 00:30:00
1,2023-11-21 01:00:00,10.0,5.0,5.0,32.0,IN_SERVICE,False,False,False,0.0,0.0,0.0,1,21,11,2023,1,2023-11-21 01:00:00
1,2023-11-21 01:30:00,10.0,5.0,5.0,32.0,IN_SERVICE,False,False,False,0.0,0.0,0.0,1,21,11,2023,1,2023-11-21 01:30:00
1,2023-11-21 02:00:00,10.0,5.0,5.0,32.0,IN_SERVICE,False,False,False,0.0,0.0,0.0,2,21,11,2023,1,2023-11-21 02:00:00
1,2023-11-21 02:30:00,10.0,5.0,5.0,32.0,IN_SERVICE,False,False,False,0.0,0.0,0.0,2,21,11,2023,1,2023-11-21 02:30:00
1,2023-11-21 03:00:00,10.0,5.0,5.0,32.0,IN_SERVICE,False,False,False,0.0,0.0,0.0,3,21,11,2023,1,2023-11-21 03:00:00
1,2023-11-21 03:30:00,10.0,5.0,5.0,32.0,IN_SERVICE,False,False,False,0.0,0.0,0.0,3,21,11,2023,1,2023-11-21 03:30:00
1,2023-11-21 04:00:00,11.0,6.0,5.0,31.0,IN_SERVICE,False,False,False,1.0,0.0,1.0,4,21,11,2023,1,2023-11-21 04:00:00
1,2023-11-21 04:30:00,9.0,6.0,3.0,33.0,IN_SERVICE,False,False,False,-2.0,-2.0,0.0,4,21,11,2023,1,2023-11-21 04:30:00
1,2023-11-21 05:00:00,9.0,6.0,3.0,33.0,IN_SERVICE,False,False,False,0.0,0.0,0.0,5,21,11,2023,1,2023-11-21 05:00:00
1,2023-11-21 05:30:00,5.0,4.0,1.0,36.0,IN_SERVICE,False,False,False,-4.0,-4.0,0.0,5,21,11,2023,1,2023-11-21 05:30:00
1,2023-11-21 06:00:00,5.0,5.0,0.0,37.0,IN_SERVICE,False,False,False,0.0,0.0,0.0,6,21,11,2023,1,2023-11-21 06:00:00
1,2023-11-21 06:30:00,1.0,1.0,0.0,41.0,IN_SERVICE,False,False,False,-4.0,-4.0,0.0,6,21,11,2023,1,2023-11-21 06:30:00
1,2023-11-21 07:00:00,0.0,0.0,0.0,42.0,IN_SERVICE,True,False,False,-1.0,-1.0,0.0,7,21,11,2023,1,2023-11-21 07:00:00
1,2023-11-21 07:30:00,1.0,0.0,1.0,41.0,IN_SERVICE,False,False,False,1.0,0.0,1.0,7,21,11,2023,1,2023-11-21 07:30:00
1,2023-11-21 08:00:00,0.0,0.0,0.0,42.0,IN_SERVICE,True,False,False,-1.0,-1.0,0.0,8,21,11,2023,1,2023-11-21 08:00:00
1,2023-11-21 08:30:00,0.0,0.0,0.0,42.0,IN_SERVICE,True,False,False,0.0,0.0,0.0,8,21,11,2023,1,2023-11-21 08:30:00
1,2023-11-21 09:00:00,0.0,0.0,0.0,42.0,IN_SERVICE,True,False,False,0.0,0.0,0.0,9,21,11,2023,1,2023-11-21 09:00:00
1,2023-11-21 09:30:00,0.0,0.0,0.0,41.0,IN_SERVICE,True,False,False,0.0,0.0,0.0,9,21,11,2023,1,2023-11-21 09:30:00
1,2023-11-21 10:00:00,1.0,0.0,1.0,41.0,IN_SERVICE,False,False,False,1.0,0.0,1.0,10,21,11,2023,1,2023-11-21 10:00:00
1,2023-11-21 10:30:00,0.0,0.0,0.0,41.0,IN_SERVICE,True,False,False,-1.0,-1.0,0.0,10,21,11,2023,1,2023-11-21 10:30:00
1,2023-11-21 11:00:00,0.0,0.0,0.0,40.0,IN_SERVICE,True,False,False,0.0,0.0,0.0,11,21,11,2023,1,2023-11-21 11:00:00
1,2023-11-21 11:30:00,2.0,0.0,2.0,38.0,IN_SERVICE,False,False,False,2.0,0.0,2.0,11,21,11,2023,1,2023-11-21 11:30:00
1,2023-11-21 12:00:00,1.0,0.0,1.0,40.0,IN_SERVICE,False,False,False,-1.0,-1.0,0.0,12,21,11,2023,1,2023-11-21 12:00:00
1,2023-11-21 12:30:00,0.0,0.0,0.0,41.0,IN_SERVICE,True,False,False,-1.0,-1.0,0.0,12,21,11,2023,1,2023-11-21 12:30:00
1,2023-11-21 13:00:00,4.0,1.0,3.0,36.0,IN_SERVICE,False,False,False,4.0,0.0,4.0,13,21,11,2023,1,2023-11-21 13:00:00
1,2023-11-21 13:30:00,8.0,5.0,3.0,31.0,IN_SERVICE,False,False,False,4.0,0.0,4.0,13,21,11,2023,1,2023-11-21 13:30:00
1,2023-11-21 14:00:00,8.0,4.0,4.0,31.0,IN_SERVICE,False,False,False,0.0,0.0,0.0,14,21,11,2023,1,2023-11-21 14:00:00
1,2023-11-21 14:30:00,7.0,5.0,2.0,33.0,IN_SERVICE,False,False,False,-1.0,-1.0,0.0,14,21,11,2023,1,2023-11-21 14:30:00
1,2023-11-21 15:00:00,5.0,1.0,4.0,33.0,IN_SERVICE,False,False,False,-2.0,-2.0,0.0,15,21,11,2023,1,2023-11-21 15:00:00
1,2023-11-21 15:30:00,2.0,0.0,2.0,39.0,IN_SERVICE,False,False,False,-3.0,-3.0,0.0,15,21,11,2023,1,2023-11-21 15:30:00
1,2023-11-21 16:00:00,5.0,0.0,5.0,35.0,IN_SERVICE,False,False,False,3.0,0.0,3.0,16,21,11,2023,1,2023-11-21 16:00:00
1,2023-11-21 16:30:00,2.0,0.0,2.0,38.0,IN_SERVICE,False,False,False,-3.0,-3.0,0.0,16,21,11,2023,1,2023-11-21 16:30:00
1,2023-11-21 17:00:00,2.0,1.0,1.0,39.0,IN_SERVICE,False,False,False,0.0,0.0,0.0,17,21,11,2023,1,2023-11-21 17:00:00
1,2023-11-21 17:30:00,0.0,0.0,0.0,41.0,IN_SERVICE,True,False,False,-2.0,-2.0,0.0,17,21,11,2023,1,2023-11-21 17:30:00
1,2023-11-21 18:00:00,2.0,1.0,1.0,38.0,IN_SERVICE,False,False,False,2.0,0.0,2.0,18,21,11,2023,1,2023-11-21 18:00:00
1,2023-11-21 18:30:00,2.0,1.0,1.0,38.0,IN_SERVICE,False,False,False,0.0,0.0,0.0,18,21,11,2023,1,2023-11-21 18:30:00
1,2023-11-21 19:00:00,2.0,1.0,1.0,39.0,IN_SERVICE,False,False,False,0.0,0.0,0.0,19,21,11,2023,1,2023-11-21 19:00:00
1,2023-11-21 19:30:00,3.0,2.0,1.0,38.0,IN_SERVICE,False,False,False,1.0,0.0,1.0,19,21,11,2023,1,2023-11-21 19:30:00
1,2023-11-21 20:00:00,0.0,0.0,0.0,41.0,IN_SERVICE,True,False,False,-3.0,-3.0,0.0,20,21,11,2023,1,2023-11-21 20:00:00
1,2023-11-21 20:30:00,4.0,2.0,2.0,37.0,IN_SERVICE,False,False,False,4.0,0.0,4.0,20,21,11,2023,1,2023-11-21 20:30:00
1,2023-11-21 21:00:00,6.0,5.0,1.0,35.0,IN_SERVICE,False,False,False,2.0,0.0,2.0,21,21,11,2023,1,2023-11-21 21:00:00
1,2023-11-21 21:30:00,10.0,8.0,2.0,30.0,IN_SERVICE,False,False,False,4.0,0.0,4.0,21,21,11,2023,1,2023-11-21 21:30:00
1,2023-11-21 22:00:00,8.0,7.0,1.0,32.0,IN_SERVICE,False,False,False,-2.0,-2.0,0.0,22,21,11,2023,1,2023-11-21 22:00:00
1,2023-11-21 22:30:00,9.0,7.0,2.0,32.0,IN_SERVICE,False,False,False,1.0,0.0,1.0,22,21,11,2023,1,2023-11-21 22:30:00
1,2023-11-21 23:00:00,11.0,7.0,4.0,30.0,IN_SERVICE,False,False,False,2.0,0.0,2.0,23,21,11,2023,1,2023-11-21 23:00:00
1,2023-11-21 23:30:00,9.0,8.0,1.0,32.0,IN_SERVICE,False,False,False,-2.0,-2.0,0.0,23,21,11,2023,1,2023-11-21 23:30:00
1,2023-11-22 00:00:00,10.0,8.0,2.0,31.0,IN_SERVICE,False,False,False,1.0,0.0,1.0,0,22,11,2023,2,2023-11-22 00:00:00
1,2023-11-22 00:30:00,9.0,8.0,1.0,32.0,IN_SERVICE,False,False,False,-1.0,-1.0,0.0,0,22,11,2023,2,2023-11-22 00:30:00
1,2023-11-22 01:00:00,9.0,8.0,1.0,32.0,IN_SERVICE,False,False,False,0.0,0.0,0.0,1,22,11,2023,2,2023-11-22 01:00:00
1,2023-11-22 01:30:00,9.0,8.0,1.0,32.0,IN_SERVICE,False,False,False,0.0,0.0,0.0,1,22,11,2023,2,2023-11-22 01:30:00
1,2023-11-22 02:00:00,9.0,8.0,1.0,32.0,IN_SERVICE,False,False,False,0.0,0.0,0.0,2,22,11,2023,2,2023-11-22 02:00:00
1,2023-11-22 02:30:00,8.0,8.0,0.0,33.0,IN_SERVICE,False,False,False,-1.0,-1.0,0.0,2,22,11,2023,2,2023-11-22 02:30:00
1,2023-11-22 03:00:00,8.0,8.0,0.0,33.0,IN_SERVICE,False,False,False,0.0,0.0,0.0,3,22,11,2023,2,2023-11-22 03:00:00
1,2023-11-22 03:30:00,8.0,8.0,0.0,33.0,IN_SERVICE,False,False,False,0.0,0.0,0.0,3,22,11,2023,2,2023-11-22 03:30:00
1,2023-11-22 04:00:00,8.0,8.0,0.0,33.0,IN_SERVICE,False,False,False,0.0,0.0,0.0,4,22,11,2023,2,2023-11-22 04:00:00
1,2023-11-22 04:30:00,8.0,8.0,0.0,33.0,IN_SERVICE,False,False,False,0.0,0.0,0.0,4,22,11,2023,2,2023-11-22 04:30:00
1,2023-11-22 05:00:00,8.0,8.0,0.0,33.0,IN_SERVICE,False,False,False,0.0,0.0,0.0,5,22,11,2023,2,2023-11-22 05:00:00
1,2023-11-22 05:30:00,8.0,7.0,1.0,33.0,IN_SERVICE,False,False,False,0.0,0.0,0.0,5,22,11,2023,2,2023-11-22 05:30:00
1,2023-11-22 06:00:00,1.0,1.0,0.0,40.0,IN_SERVICE,False,False,False,-7.0,-7.0,0.0,6,22,11,2023,2,2023-11-22 06:00:00
1,2023-11-22 06:30:00,0.0,0.0,0.0,41.0,IN_SERVICE,True,False,False,-1.0,-1.0,0.0,6,22,11,2023,2,2023-11-22 06:30:00
1,2023-11-22 07:00:00,0.0,0.0,0.0,41.0,IN_SERVICE,True,False,False,0.0,0.0,0.0,7,22,11,2023,2,2023-11-22 07:00:00
1,2023-11-22 07:30:00,2.0,1.0,1.0,39.0,IN_SERVICE,False,False,False,2.0,0.0,2.0,7,22,11,2023,2,2023-11-22 07:30:00
1,2023-11-22 08:00:00,1.0,1.0,0.0,40.0,IN_SERVICE,False,False,False,-1.0,-1.0,0.0,8,22,11,2023,2,2023-11-22 08:00:00
1,2023-11-22 08:30:00,1.0,1.0,0.0,40.0,IN_SERVICE,False,False,False,0.0,0.0,0.0,8,22,11,2023,2,2023-11-22 08:30:00
1,2023-11-22 09:00:00,1.0,1.0,0.0,40.0,IN_SERVICE,False,False,False,0.0,0.0,0.0,9,22,11,2023,2,2023-11-22 09:00:00
1,2023-11-22 09:30:00,0.0,0.0,0.0,41.0,IN_SERVICE,True,False,False,-1.0,-1.0,0.0,9,22,11,2023,2,2023-11-22 09:30:00
1,2023-11-22 10:00:00,0.0,0.0,0.0,41.0,IN_SERVICE,True,False,False,0.0,0.0,0.0,10,22,11,2023,2,2023-11-22 10:00:00
1,2023-11-22 10:30:00,1.0,0.0,1.0,40.0,IN_SERVICE,False,False,False,1.0,0.0,1.0,10,22,11,2023,2,2023-11-22 10:30:00
1,2023-11-22 11:00:00,0.0,0.0,0.0,41.0,IN_SERVICE,True,False,False,-1.0,-1.0,0.0,11,22,11,2023,2,2023-11-22 11:00:00
1,2023-11-22 11:30:00,2.0,2.0,0.0,39.0,IN_SERVICE,False,False,False,2.0,0.0,2.0,11,22,11,2023,2,2023-11-22 11:30:00
1,2023-11-22 12:00:00,1.0,1.0,0.0,40.0,IN_SERVICE,False,False,False,-1.0,-1.0,0.0,12,22,11,2023,2,2023-11-22 12:00:00
1,2023-11-22 12:30:00,4.0,3.0,1.0,37.0,IN_SERVICE,False,False,False,3.0,0.0,3.0,12,22,11,2023,2,2023-11-22 12:30:00
1,2023-11-22 13:00:00,5.0,1.0,4.0,34.0,IN_SERVICE,False,False,False,1.0,0.0,1.0,13,22,11,2023,2,2023-11-22 13:00:00
1,2023-11-22 13:30:00,4.0,2.0,2.0,35.0,IN_SERVICE,False,False,False,-1.0,-1.0,0.0,13,22,11,2023,2,2023-11-22 13:30:00
1,2023-11-22 14:00:00,4.0,2.0,2.0,36.0,IN_SERVICE,False,False,False,0.0,0.0,0.0,14,22,11,2023,2,2023-11-22 14:00:00
1,2023-11-22 14:30:00,0.0,0.0,0.0,40.0,IN_SERVICE,True,False,False,-4.0,-4.0,0.0,14,22,11,2023,2,2023-11-22 14:30:00
1,2023-11-22 15:00:00,1.0,1.0,0.0,39.0,IN_SERVICE,False,False,False,1.0,0.0,1.0,15,22,11,2023,2,2023-11-22 15:00:00
1,2023-11-22 15:30:00,0.0,0.0,0.0,40.0,IN_SERVICE,True,False,False,-1.0,-1.0,0.0,15,22,11,2023,2,2023-11-22 15:30:00
1,2023-11-22 16:00:00,2.0,2.0,0.0,39.0,IN_SERVICE,False,False,False,2.0,0.0,2.0,16,22,11,2023,2,2023-11-22 16:00:00
1,2023-11-22 16:30:00,1.0,0.0,1.0,40.0,IN_SERVICE,False,False,False,-1.0,-1.0,0.0,16,22,11,2023,2,2023-11-22 16:30:00
1,2023-11-22 17:00:00,5.0,3.0,2.0,36.0,IN_SERVICE,False,False,False,4.0,0.0,4.0,17,22,11,2023,2,2023-11-22 17:00:00
1,2023-11-22 17:30:00,9.0,8.0,1.0,31.0,IN_SERVICE,False,False,False,4.0,0.0,4.0,17,22,11,2023,2,2023-11-22 17:30:00
1,2023-11-22 18:00:00,12.0,11.0,1.0,29.0,IN_SERVICE,False,False,False,3.0,0.0,3.0,18,22,11,2023,2,2023-11-22 18:00:00
1,2023-11-22 18:30:00,7.0,6.0,1.0,34.0,IN_SERVICE,False,False,False,-5.0,-5.0,0.0,18,22,11,2023,2,2023-11-22 18:30:00
1,2023-11-22 19:00:00,3.0,3.0,0.0,38.0,IN_SERVICE,False,False,False,-4.0,-4.0,0.0,19,22,11,2023,2,2023-11-22 19:00:00
1,2023-11-22 19:30:00,2.0,2.0,0.0,39.0,IN_SERVICE,False,False,False,-1.0,-1.0,0.0,19,22,11,2023,2,2023-11-22 19:30:00
1,2023-11-22 20:00:00,3.0,3.0,0.0,37.0,IN_SERVICE,False,False,False,1.0,0.0,1.0,20,22,11,2023,2,2023-11-22 20:00:00
1,2023-11-22 20:30:00,5.0,4.0,1.0,35.0,IN_SERVICE,False,False,False,2.0,0.0,2.0,20,22,11,2023,2,2023-11-22 20:30:00
1,2023-11-22 21:00:00,7.0,5.0,2.0,33.0,IN_SERVICE,False,False,False,2.0,0.0,2.0,21,22,11,2023,2,2023-11-22 21:00:00
1,2023-11-22 21:30:00,6.0,6.0,0.0,35.0,IN_SERVICE,False,False,False,-1.0,-1.0,0.0,21,22,11,2023,2,2023-11-22 21:30:00
1,2023-11-22 22:00:00,8.0,7.0,1.0,33.0,IN_SERVICE,False,False,False,2.0,0.0,2.0,22,22,11,2023,2,2023-11-22 22:00:00
1,2023-11-22 22:30:00,9.0,7.0,2.0,31.0,IN_SERVICE,False,False,False,1.0,0.0,1.0,22,22,11,2023,2,2023-11-22 22:30:00
1,2023-11-22 23:00:00,12.0,9.0,3.0,29.0,IN_SERVICE,False,False,False,3.0,0.0,3.0,23,22,11,2023,2,2023-11-22 23:00:00
1,2023-11-22 23:30:00,14.0,10.0,4.0,27.0,IN_SERVICE,False,False,False,2.0,0.0,2.0,23,22,11,2023,2,2023-11-22 23:30:00
1,2023-11-23 00:00:00,17.0,11.0,6.0,24.0,IN_SERVICE,False,False,False,3.0,0.0,3.0,0,23,11,2023,3,2023-11-23 00:00:00
1,2023-11-23 00:30:00,18.0,11.0,7.0,23.0,IN_SERVICE,False,False,False,1.0,0.0,1.0,0,23,11,2023,3,2023-11-23 00:30:00
1,2023-11-23 01:00:00,17.0,11.0,6.0,24.0,IN_SERVICE,False,False,False,-1.0,-1.0,0.0,1,23,11,2023,3,2023-11-23 01:00:00
1,2023-11-23 01:30:00,17.0,11.0,6.0,24.0,IN_SERVICE,False,False,False,0.0,0.0,0.0,1,23,11,2023,3,2023-11-23 01:30:00
1,2023-11-23 02:00:00,18.0,12.0,6.0,23.0,IN_SERVICE,False,False,False,1.0,0.0,1.0,2,23,11,2023,3,2023-11-23 02:00:00
1,2023-11-23 02:30:00,18.0,12.0,6.0,23.0,IN_SERVICE,False,False,False,0.0,0.0,0.0,2,23,11,2023,3,2023-11-23 02:30:00
1,2023-11-23 03:00:00,17.0,12.0,5.0,24.0,IN_SERVICE,False,False,False,-1.0,-1.0,0.0,3,23,11,2023,3,2023-11-23 03:00:00
1,2023-11-23 03:30:00,17.0,12.0,5.0,24.0,IN_SERVICE,False,False,False,0.0,0.0,0.0,3,23,11,2023,3,2023-11-23 03:30:00
1,2023-11-23 04:00:00,17.0,13.0,4.0,24.0,IN_SERVICE,False,False,False,0.0,0.0,0.0,4,23,11,2023,3,2023-11-23 04:00:00
1,2023-11-23 04:30:00,17.0,13.0,4.0,24.0,IN_SERVICE,False,False,False,0.0,0.0,0.0,4,23,11,2023,3,2023-11-23 04:30:00
1,2023-11-23 05:00:00,17.0,13.0,4.0,24.0,IN_SERVICE,False,False,False,0.0,0.0,0.0,5,23,11,2023,3,2023-11-23 05:00:00
1,2023-11-23 05:30:00,14.0,13.0,1.0,27.0,IN_SERVICE,False,False,False,-3.0,-3.0,0.0,5,23,11,2023,3,2023-11-23 05:30:00
1,2023-11-23 06:00:00,13.0,11.0,2.0,28.0,IN_SERVICE,False,False,False,-1.0,-1.0,0.0,6,23,11,2023,3,2023-11-23 06:00:00
1,2023-11-23 06:30:00,12.0,11.0,1.0,29.0,IN_SERVICE,False,False,False,-1.0,-1.0,0.0,6,23,11,2023,3,2023-11-23 06:30:00
1,2023-11-23 07:00:00,8.0,7.0,1.0,33.0,IN_SERVICE,False,False,False,-4.0,-4.0,0.0,7,23,11,2023,3,2023-11-23 07:00:00
1,2023-11-23 07:30:00,4.0,4.0,0.0,36.0,IN_SERVICE,False,False,False,-4.0,-4.0,0.0,7,23,11,2023,3,2023-11-23 07:30:00
1,2023-11-23 08:00:00,0.0,0.0,0.0,41.0,IN_SERVICE,True,False,False,-4.0,-4.0,0.0,8,23,11,2023,3,2023-11-23 08:00:00
1,2023-11-23 08:30:00,2.0,1.0,1.0,39.0,IN_SERVICE,False,False,False,2.0,0.0,2.0,8,23,11,2023,3,2023-11-23 08:30:00
1,2023-11-23 09:00:00,0.0,0.0,0.0,41.0,IN_SERVICE,True,False,False,-2.0,-2.0,0.0,9,23,11,2023,3,2023-11-23 09:00:00
1,2023-11-23 09:30:00,1.0,0.0,1.0,40.0,IN_SERVICE,False,False,False,1.0,0.0,1.0,9,23,11,2023,3,2023-11-23 09:30:00
1,2023-11-23 10:00:00,4.0,0.0,4.0,37.0,IN_SERVICE,False,False,False,3.0,0.0,3.0,10,23,11,2023,3,2023-11-23 10:00:00
1,2023-11-23 10:30:00,5.0,0.0,5.0,36.0,IN_SERVICE,False,False,False,1.0,0.0,1.0,10,23,11,2023,3,2023-11-23 10:30:00
1,2023-11-23 11:00:00,1.0,0.0,1.0,39.0,IN_SERVICE,False,False,False,-4.0,-4.0,0.0,11,23,11,2023,3,2023-11-23 11:00:00
1,2023-11-23 11:30:00,2.0,1.0,1.0,38.0,IN_SERVICE,False,False,False,1.0,0.0,1.0,11,23,11,2023,3,2023-11-23 11:30:00
1,2023-11-23 12:00:00,2.0,0.0,2.0,39.0,IN_SERVICE,False,False,False,0.0,0.0,0.0,12,23,11,2023,3,2023-11-23 12:00:00
1,2023-11-23 12:30:00,4.0,2.0,2.0,36.0,IN_SERVICE,False,False,False,2.0,0.0,2.0,12,23,11,2023,3,2023-11-23 12:30:00
1,2023-11-23 13:00:00,5.0,0.0,5.0,35.0,IN_SERVICE,False,False,False,1.0,0.0,1.0,13,23,11,2023,3,2023-11-23 13:00:00
1,2023-11-23 13:30:00,1.0,1.0,0.0,39.0,IN_SERVICE,False,False,False,-4.0,-4.0,0.0,13,23,11,2023,3,2023-11-23 13:30:00
1,2023-11-23 14:00:00,4.0,4.0,0.0,36.0,IN_SERVICE,False,False,False,3.0,0.0,3.0,14,23,11,2023,3,2023-11-23 14:00:00
1,2023-11-23 14:30:00,6.0,4.0,2.0,35.0,IN_SERVICE,False,False,False,2.0,0.0,2.0,14,23,11,2023,3,2023-11-23 14:30:00
1,2023-11-23 15:00:00,7.0,7.0,0.0,33.0,IN_SERVICE,False,False,False,1.0,0.0,1.0,15,23,11,2023,3,2023-11-23 15:00:00
1,2023-11-23 15:30:00,10.0,8.0,2.0,34.0,IN_SERVICE,False,False,False,3.0,0.0,3.0,15,23,11,2023,3,2023-11-23 15:30:00
1,2023-11-23 16:00:00,11.0,7.0,4.0,32.0,IN_SERVICE,False,False,False,1.0,0.0,1.0,16,23,11,2023,3,2023-11-23 16:00:00
1,2023-11-23 16:30:00,5.0,4.0,1.0,39.0,IN_SERVICE,False,False,False,-6.0,-6.0,0.0,16,23,11,2023,3,2023-11-23 16:30:00
1,2023-11-23 17:00:00,3.0,2.0,1.0,40.0,IN_SERVICE,False,False,False,-2.0,-2.0,0.0,17,23,11,2023,3,2023-11-23 17:00:00
1,2023-11-23 17:30:00,11.0,11.0,0.0,32.0,IN_SERVICE,False,False,False,8.0,0.0,8.0,17,23,11,2023,3,2023-11-23 17:30:00
1,2023-11-23 18:00:00,9.0,9.0,0.0,34.0,IN_SERVICE,False,False,False,-2.0,-2.0,0.0,18,23,11,2023,3,2023-11-23 18:00:00
1,2023-11-23 18:30:00,7.0,6.0,1.0,37.0,IN_SERVICE,False,False,False,-2.0,-2.0,0.0,18,23,11,2023,3,2023-11-23 18:30:00
1,2023-11-23 19:00:00,6.0,4.0,2.0,38.0,IN_SERVICE,False,False,False,-1.0,-1.0,0.0,19,23,11,2023,3,2023-11-23 19:00:00
1,2023-11-23 19:30:00,6.0,5.0,1.0,39.0,IN_SERVICE,False,False,False,0.0,0.0,0.0,19,23,11,2023,3,2023-11-23 19:30:00
1,2023-11-23 20:00:00,5.0,3.0,2.0,40.0,IN_SERVICE,False,False,False,-1.0,-1.0,0.0,20,23,11,2023,3,2023-11-23 20:00:00
1,2023-11-23 20:30:00,10.0,5.0,5.0,35.0,IN_SERVICE,False,False,False,5.0,0.0,5.0,20,23,11,2023,3,2023-11-23 20:30:00
1,2023-11-23 21:00:00,12.0,5.0,7.0,33.0,IN_SERVICE,False,False,False,2.0,0.0,2.0,21,23,11,2023,3,2023-11-23 21:00:00
1,2023-11-23 21:30:00,12.0,6.0,6.0,33.0,IN_SERVICE,False,False,False,0.0,0.0,0.0,21,23,11,2023,3,2023-11-23 21:30:00
1,2023-11-23 22:00:00,9.0,6.0,3.0,36.0,IN_SERVICE,False,False,False,-3.0,-3.0,0.0,22,23,11,2023,3,2023-11-23 22:00:00
1,2023-11-23 22:30:00,14.0,9.0,5.0,30.0,IN_SERVICE,False,False,False,5.0,0.0,5.0,22,23,11,2023,3,2023-11-23 22:30:00
1,2023-11-23 23:00:00,12.0,11.0,1.0,32.0,IN_SERVICE,False,False,False,-2.0,-2.0,0.0,23,23,11,2023,3,2023-11-23 23:00:00
1,2023-11-23 23:30:00,13.0,13.0,0.0,31.0,IN_SERVICE,False,False,False,1.0,0.0,1.0,23,23,11,2023,3,2023-11-23 23:30:00
1,2023-11-24 00:00:00,13.0,13.0,0.0,31.0,IN_SERVICE,False,False,False,0.0,0.0,0.0,0,24,11,2023,4,2023-11-24 00:00:00
1,2023-11-24 00:30:00,12.0,12.0,0.0,32.0,IN_SERVICE,False,False,False,-1.0,-1.0,0.0,0,24,11,2023,4,2023-11-24 00:30:00
1,2023-11-24 01:00:00,12.0,12.0,0.0,31.0,IN_SERVICE,False,False,False,0.0,0.0,0.0,1,24,11,2023,4,2023-11-24 01:00:00
1,2023-11-24 01:30:00,12.0,12.0,0.0,31.0,IN_SERVICE,False,False,False,0.0,0.0,0.0,1,24,11,2023,4,2023-11-24 01:30:00
1,2023-11-24 02:00:00,12.0,12.0,0.0,31.0,IN_SERVICE,False,False,False,0.0,0.0,0.0,2,24,11,2023,4,2023-11-24 02:00:00
1,2023-11-24 02:30:00,12.0,12.0,0.0,30.0,IN_SERVICE,False,False,False,0.0,0.0,0.0,2,24,11,2023,4,2023-11-24 02:30:00
1,2023-11-24 03:00:00,12.0,12.0,0.0,30.0,IN_SERVICE,False,False,False,0.0,0.0,0.0,3,24,11,2023,4,2023-11-24 03:00:00
1,2023-11-24 03:30:00,13.0,12.0,1.0,30.0,IN_SERVICE,False,False,False,1.0,0.0,1.0,3,24,11,2023,4,2023-11-24 03:30:00
1,2023-11-24 04:00:00,12.0,12.0,0.0,31.0,IN_SERVICE,False,False,False,-1.0,-1.0,0.0,4,24,11,2023,4,2023-11-24 04:00:00
1,2023-11-24 04:30:00,13.0,13.0,0.0,30.0,IN_SERVICE,False,False,False,1.0,0.0,1.0,4,24,11,2023,4,2023-11-24 04:30:00
1,2023-11-24 05:00:00,13.0,13.0,0.0,30.0,IN_SERVICE,False,False,False,0.0,0.0,0.0,5,24,11,2023,4,2023-11-24 05:00:00
1,2023-11-24 05:30:00,13.0,12.0,1.0,30.0,IN_SERVICE,False,False,False,0.0,0.0,0.0,5,24,11,2023,4,2023-11-24 05:30:00
1,2023-11-24 06:00:00,10.0,10.0,0.0,33.0,IN_SERVICE,False,False,False,-3.0,-3.0,0.0,6,24,11,2023,4,2023-11-24 06:00:00
1,2023-11-24 06:30:00,9.0,9.0,0.0,34.0,IN_SERVICE,False,False,False,-1.0,-1.0,0.0,6,24,11,2023,4,2023-11-24 06:30:00
1,2023-11-24 07:00:00,3.0,3.0,0.0,40.0,IN_SERVICE,False,False,False,-6.0,-6.0,0.0,7,24,11,2023,4,2023-11-24 07:00:00
1,2023-11-24 07:30:00,2.0,1.0,1.0,41.0,IN_SERVICE,False,False,False,-1.0,-1.0,0.0,7,24,11,2023,4,2023-11-24 07:30:00
1,2023-11-24 08:00:00,0.0,0.0,0.0,43.0,IN_SERVICE,True,False,False,-2.0,-2.0,0.0,8,24,11,2023,4,2023-11-24 08:00:00
1,2023-11-24 08:30:00,4.0,1.0,3.0,39.0,IN_SERVICE,False,False,False,4.0,0.0,4.0,8,24,11,2023,4,2023-11-24 08:30:00
1,2023-11-24 09:00:00,1.0,1.0,0.0,42.0,IN_SERVICE,False,False,False,-3.0,-3.0,0.0,9,24,11,2023,4,2023-11-24 09:00:00
1,2023-11-24 09:30:00,1.0,1.0,0.0,42.0,IN_SERVICE,False,False,False,0.0,0.0,0.0,9,24,11,2023,4,2023-11-24 09:30:00
1,2023-11-24 10:00:00,0.0,0.0,0.0,43.0,IN_SERVICE,True,False,False,-1.0,-1.0,0.0,10,24,11,2023,4,2023-11-24 10:00:00
1,2023-11-24 10:30:00,1.0,0.0,1.0,42.0,IN_SERVICE,False,False,False,1.0,0.0,1.0,10,24,11,2023,4,2023-11-24 10:30:00
1,2023-11-24 11:00:00,1.0,0.0,1.0,42.0,IN_SERVICE,False,False,False,0.0,0.0,0.0,11,24,11,2023,4,2023-11-24 11:00:00
1,2023-11-24 11:30:00,2.0,1.0,1.0,40.0,IN_SERVICE,False,False,False,1.0,0.0,1.0,11,24,11,2023,4,2023-11-24 11:30:00
1,2023-11-24 12:00:00,4.0,2.0,2.0,39.0,IN_SERVICE,False,False,False,2.0,0.0,2.0,12,24,11,2023,4,2023-11-24 12:00:00
1,2023-11-24 12:30:00,3.0,2.0,1.0,40.0,IN_SERVICE,False,False,False,-1.0,-1.0,0.0,12,24,11,2023,4,2023-11-24 12:30:00
1,2023-11-24 13:00:00,7.0,2.0,5.0,35.0,IN_SERVICE,False,False,False,4.0,0.0,4.0,13,24,11,2023,4,2023-11-24 13:00:00
